id,name_ar,name_en,kunyah,laqab,gender,is_prophet,node_type,prominence,biography_short,biography_source,tribe,clan,birth_year_hijri,death_year_hijri,has_parents,has_children,has_spouses,has_siblings,has_uncles,has_cousins,has_companions,has_teachers,has_students,has_battles,has_participants
0,محمد,Muhammad (PBUH),Abu al-Qasim,Rasulullah,M,True,Sahabi,PROPHET,"The final Prophet of Islam, born in Makkah and migrated to Madinah. He led the early Muslim community through revelations and established the foundations of Islamic civilization. His life serves as the primary model (Sunnah) for Muslims worldwide.","Sirat Ibn Hisham, Al-Rahiq Al-Makhtum (The Sealed Nectar) by Safiur Rahman al-Mubarakpuri.",Quraish,Banu Hashim,-53,11,True,True,True,False,False,True,True,False,True,True,False
1,أبو بكر الصديق,Abu Bakr as-Siddiq,Abu Bakr,As-Siddiq,M,False,Sahabi,ASHARA_MUBASHSHARA,"The first of the Rightly Guided Caliphs and the closest companion of the Prophet. Known for his unwavering faith, he consolidated the Islamic state during the Ridda Wars and initiated the collection of the Quran. He was given the title 'As-Siddiq' (The Truthful).","Al-Isabah fi Tamyiz al-Sahabah by Ibn Hajar al-Asqalani, Tarikh al-Khulafa by al-Suyuti.",Quraish,Banu Taym,-51,13,True,True,False,False,False,False,True,False,False,True,False
2,عمر بن الخطاب,Umar ibn al-Khattab,Abu Hafs,Al-Faruq,M,False,Sahabi,ASHARA_MUBASHSHARA,"The second Caliph, renowned for his justice and administrative genius. Under his leadership, the Islamic state expanded significantly into Persia and Byzantium. He established many lasting Islamic institutions and the Hijri calendar.","Al-Faruq by Shibli Nomani, Al-Isti'ab fi Ma'rifat al-Ashab by Ibn Abd al-Barr.",Quraish,Banu Adi,-40,23,True,True,False,True,False,False,True,False,False,True,False
3,عثمان بن عفان,Uthman ibn Affan,Abu Amr,Dhun-Nurayn,M,False,Sahabi,ASHARA_MUBASHSHARA,"The third Caliph, known for his piety and generosity. He oversaw the compilation of the standard Mushaf of the Quran that is used today. He was known as 'Dhun-Nurayn' (Possessor of Two Lights) because he married two daughters of the Prophet.","Al-Bidayah wan-Nihayah by Ibn Kathir, Al-Isabah by Ibn Hajar.",Quraish,Banu Umayya,-47,35,True,True,True,False,False,False,True,False,False,False,False
4,علي بن أبي طالب,Ali ibn Abi Talib,Abu al-Hasan,Asadullah,M,False,Sahabi,ASHARA_MUBASHSHARA,"The fourth Caliph and cousin and son-in-law of the Prophet. Renowned for his courage, eloquence, and deep knowledge of Islam. He is central to both Sunni and Shia traditions as a leader and spiritual authority.","Nahj al-Balagha, Al-Isabah by Ibn Hajar, Tarikh al-Tabari.",Quraish,Banu Hashim,-23,40,True,True,False,True,False,True,False,False,False,True,False
5,طلحة بن عبيد الله,Talha ibn Ubaydullah,Abu Muhammad,Talhat al-Khayr,M,False,Sahabi,ASHARA_MUBASHSHARA,"One of the Ashara Mubashshara and a hero of the Battle of Uhud, where he protected the Prophet with his own body. Known as 'Talha al-Khayr' (Talha the Generous) for his immense charity.","Al-Isabah by Ibn Hajar, Siyar A'lam al-Nubala by al-Dhahabi.",Quraish,Banu Taym,-28,36,True,False,False,False,False,False,False,False,False,False,False
6,الزبير بن العوام,Zubayr ibn al-Awwam,Abu Abdullah,Hawari Rasulillah,M,False,Sahabi,ASHARA_MUBASHSHARA,One of the Ashara Mubashshara and the 'Disciple' (Hawari) of the Prophet. A brave warrior who participated in all major battles and was known for his loyalty and strength.,"Al-Isabah by Ibn Hajar, Al-Isti'ab by Ibn Abd al-Barr.",Quraish,Banu Asad,-28,36,True,True,False,False,False,False,False,False,False,False,False
7,عبد الرحمن بن عوف,Abdur Rahman ibn Awf,Abu Muhammad,,M,False,Sahabi,ASHARA_MUBASHSHARA,One of the Ashara Mubashshara (Ten Promised Paradise) and a very successful merchant who used his wealth for the cause of Islam. He was known for his extreme generosity and was one of the six members of the Shura council appointed by Umar.,"Al-Isabah by Ibn Hajar, Al-Isti'ab by Ibn Abd al-Barr.",Quraish,Banu Zuhra,-44,32,True,False,False,False,False,False,False,False,False,False,False
8,سعد بن أبي وقاص,Sa'd ibn Abi Waqqas,Abu Ishaq,,M,False,Sahabi,ASHARA_MUBASHSHARA,One of the Ashara Mubashshara and a great military leader who led the Muslim army to victory at the Battle of Qadisiyyah against the Persians. He was the first to shoot an arrow in the cause of Islam.,"Al-Isabah by Ibn Hajar, Tarikh al-Tabari.",Quraish,Banu Zuhra,-23,55,True,False,False,False,False,False,False,False,False,True,False
9,سعيد بن زيد,Sa'id ibn Zayd,Abu al-Awar,,M,False,Sahabi,ASHARA_MUBASHSHARA,"One of the Ashara Mubashshara and an early convert whose father, Zayd ibn Amr, was a seeker of monotheism before Islam. He was known for his piety and for avoiding political strife.","Al-Isabah by Ibn Hajar, Siyar A'lam al-Nubala by al-Dhahabi.",Quraish,Banu Adi,-22,51,True,False,False,False,False,False,False,False,False,False,False
10,أبو عبيدة بن الجراح,Abu Ubaydah ibn al-Jarrah,Abu Ubaydah,Amin al-Ummah,M,False,Sahabi,ASHARA_MUBASHSHARA,One of the Ashara Mubashshara and the 'Trustworthy' (Amin) of this Ummah. He was a key military commander in the conquest of Syria and known for his humility and asceticism.,"Al-Isabah by Ibn Hajar, Tarikh al-Tabari.",Quraish,Banu al-Harith,-40,18,True,False,False,False,False,False,False,False,False,True,False
11,خديجة بنت خويلد,Khadija bint Khuwaylid,Umm Hind,Tahira,F,False,Sahabi,SAHABI,The first wife of the Prophet and the first person to accept Islam. She was a successful businesswoman known for her wisdom and virtue. She supported the Prophet during the most difficult early years in Makkah and is considered one of the 'Mothers of the Believers'.,"Sirat Ibn Hisham, Al-Isabah by Ibn Hajar, Siyar A'lam al-Nubala by al-Dhahabi.",Quraish,Banu Asad,-68,-3,True,True,True,False,False,False,False,False,False,False,False
12,عائشة بنت أبي بكر,Aisha bint Abi Bakr,Umm Abdullah,Siddiqa,F,False,Sahabi,SAHABI,"The wife of the Prophet and daughter of Abu Bakr. She was a prolific narrator of Hadith and a major scholar in early Islam, known for her intelligence and influence in jurisprudence and political matters.","Sahih al-Bukhari, Al-Isabah by Ibn Hajar, Siyar A'lam al-Nubala by al-Dhahabi.",Quraish,Banu Taym,9,58,True,False,True,False,False,False,False,False,False,False,False
13,فاطمة بنت محمد,Fatima bint Muhammad,Umm Abiha,Az-Zahra,F,False,Sahabi,SAHABI,"The daughter of the Prophet and wife of Ali ibn Abi Talib. She is highly revered by all Muslims as a model of piety and patience, often called 'Az-Zahra'. Her descendants through Hasan and Husayn are the Ahl al-Bayt.","Al-Isti'ab by Ibn Abd al-Barr, Siyar A'lam al-Nubala by al-Dhahabi.",Quraish,Banu Hashim,-18,11,True,True,False,False,False,False,False,False,False,False,False
14,الحسن بن علي,Hasan ibn Ali,Abu Muhammad,Sibt Rasulillah,M,False,Sahabi,SAHABI,The eldest grandson of the Prophet and the fifth of the Rightly Guided Caliphs. He is highly revered for his wisdom and for abdicating the caliphate to Muawiya I in order to unite the Muslim Ummah and prevent further bloodshed.,"Al-Bidayah wan-Nihayah by Ibn Kathir, Siyar A'lam al-Nubala by al-Dhahabi.",Quraish,Banu Hashim,3,50,True,False,False,True,False,False,False,False,False,False,False
15,الحسين بن علي,Husayn ibn Ali,Abu Abdullah,Sayyid Shabab Ahl al-Jannah,M,False,Sahabi,SAHABI,"The younger grandson of the Prophet and a major figure in Islamic history. He is renowned for his refusal to pledge allegiance to Yazid I, which led to his martyrdom at the Battle of Karbala. His sacrifice is a symbol of resistance against injustice.","Tarikh al-Tabari, Al-Kamil fi al-Tarikh by Ibn al-Athir, Siyar A'lam al-Nubala by al-Dhahabi.",Quraish,Banu Hashim,4,61,True,False,False,True,False,False,False,False,False,False,False
16,حمزة بن عبد المطلب,Hamza ibn Abd al-Muttalib,Abu Umara,Asadullah,M,False,Sahabi,BADRI,The uncle of the Prophet and 'Lion of Allah'. A legendary warrior who accepted Islam and became one of its strongest defenders. He was martyred at the Battle of Uhud.,"Sirat Ibn Hisham, Al-Isabah by Ibn Hajar.",Quraish,Banu Hashim,-54,3,True,True,False,False,True,False,False,False,False,True,False
17,العباس بن عبد المطلب,Abbas ibn Abd al-Muttalib,Abu al-Fadl,,M,False,Sahabi,SAHABI,The uncle of the Prophet and the ancestor of the Abbasid Caliphs. He accepted Islam and was highly respected by the Prophet and the early Caliphs for his wisdom and leadership among the Quraish.,"Al-Isabah by Ibn Hajar, Siyar A'lam al-Nubala by al-Dhahabi.",Quraish,Banu Hashim,-56,32,True,True,False,False,True,False,False,False,False,False,False
18,بلال بن رباح,Bilal ibn Rabah,Abu Abdillah,Muadhin,M,False,Sahabi,BADRI,"An early convert of Abyssinian origin who was liberated from slavery by Abu Bakr. He became the first Mu'adhin (caller to prayer) of Islam and was known for his beautiful voice and steadfastness under torture. He participated in Badr, Uhud, and other major battles.","Hilyat al-Awliya by Abu Nu'aym al-Isfahani, Al-Isabah by Ibn Hajar.",Habesha,,-42,20,True,True,False,False,False,False,False,False,False,True,False
19,خالد بن الوليد,Khalid ibn al-Walid,Abu Sulayman,Saifullah,M,False,Sahabi,SAHABI,"A brilliant military commander known as 'Saifullah' (The Sword of Allah). He remained undefeated in over a hundred battles, playing a decisive role in the expansion of the Islamic state in Iraq and Syria.","The Sword of Allah: Khalid bin Al-Waleed by A.I. Akram, Al-Bidayah wan-Nihayah by Ibn Kathir.",Quraish,Banu Makhzum,-30,21,True,False,False,False,False,False,False,False,False,True,False
20,زينب بنت محمد,Zaynab bint Muhammad,,,F,False,Sahabi,SAHABI,Daughter of the Prophet.,Al-Isabah,Quraish,Banu Hashim,-23,8,True,False,False,False,False,False,False,False,False,False,False
21,رقية بنت محمد,Ruqayya bint Muhammad,Umm Abdillah,,F,False,Sahabi,SAHABI,Daughter of the Prophet.,Al-Isabah,Quraish,Banu Hashim,-20,2,True,False,True,False,False,False,False,False,False,False,False
22,أم كلثوم بنت محمد,Umm Kulthum bint Muhammad,,,F,False,Sahabi,SAHABI,Daughter of the Prophet.,Al-Isabah,Quraish,Banu Hashim,-19,9,True,False,True,False,False,False,False,False,False,False,False
23,جعفر بن أبي طالب,Ja'far ibn Abi Talib,,,M,False,Sahabi,SAHABI,The cousin of the Prophet and the leader of the Muslims who migrated to Abyssinia. He was known for his eloquence in defending the Muslims before the Negus. He was martyred at the Battle of Mu'tah and was given the title 'At-Tayyar' (The Flyer in Paradise).,"Sirat Ibn Hisham, Al-Isabah by Ibn Hajar.",Various,Various,0,60,True,True,False,True,False,False,False,False,False,False,False
24,زيد بن حارثة,Zayd ibn Harithah,,,M,False,Sahabi,BADRI,A beloved companion who was adopted by the Prophet before Islam. He is the only Sahabi mentioned by name in the Quran (Surah Al-Ahzab). He was martyred at the Battle of Mu'tah while leading the Muslim army.,"Sirat Ibn Hisham, Al-Isabah by Ibn Hajar.",Various,Various,-41,60,True,True,False,False,False,False,False,False,False,True,False
25,أسامة بن زيد,Usama ibn Zayd,,,M,False,Sahabi,SAHABI,The beloved of the Messenger of Allah.,General History,Various,Various,7,60,True,False,False,False,False,False,False,False,False,False,False
26,عبد الله بن عمر,Abdullah ibn Umar,,,M,False,Sahabi,SAHABI,Son of Umar and a great scholar of hadith.,General History,Various,Various,0,60,True,False,False,False,False,False,False,False,False,False,False
27,عبد الله بن عباس,Abdullah ibn Abbas,,,M,False,Sahabi,SAHABI,"The cousin of the Prophet and the preeminent scholar of the Quran, known as 'Habr al-Ummah' (The Scholar of the Ummah). He is one of the most prolific narrators of Hadith and a major authority in tafsir and jurisprudence.","Al-Isabah by Ibn Hajar, Siyar A'lam al-Nubala by al-Dhahabi, Tafsir Ibn Abbas.",Various,Various,0,60,True,False,False,False,False,False,False,True,False,False,False
28,عبد الله بن مسعود,Abdullah ibn Mas'ud,,,M,False,Sahabi,BADRI,"One of the earliest converts and a preeminent scholar of the Quran. The Prophet said, 'Whoever wants to recite the Quran as it was revealed, let him recite it according to the recitation of Ibn Umm Abd (Abdullah ibn Mas'ud).'","Sahih al-Bukhari, Al-Isabah by Ibn Hajar.",Various,Various,-28,60,True,False,False,False,False,False,False,False,False,True,False
29,أبو هريرة,Abu Hurairah,,,M,False,Sahabi,SAHABI,A companion who spent several years in the company of the Prophet and became the most prolific narrator of Hadith. He was known for his incredible memory and devotion to preserving the words and actions of the Prophet.,"Sahih al-Bukhari, Al-Isabah by Ibn Hajar, Siyar A'lam al-Nubala by al-Dhahabi.",Various,Various,-21,60,True,False,False,False,False,False,False,False,False,False,False
30,أنس بن مالك,Anas ibn Malik,,,M,False,Sahabi,SAHABI,"A companion who served the Prophet for ten years in Madinah. He is one of the most prolific narrators of Hadith and lived a long life, during which he taught the Sunnah to many students.","Sahih al-Bukhari, Al-Isabah by Ibn Hajar, Siyar A'lam al-Nubala by al-Dhahabi.",Various,Various,-10,60,True,False,False,False,False,False,False,False,False,False,False
31,جابر بن عبد الله,Jabir ibn Abdullah,,,M,False,Sahabi,SAHABI,A prominent companion from the Ansar who participated in many battles and was a major narrator of Hadith. He was known for his devotion to the Prophet and for his scholarship in Madinah.,"Al-Isabah by Ibn Hajar, Siyar A'lam al-Nubala by al-Dhahabi.",Various,Various,0,60,True,False,False,False,False,False,False,False,False,False,False
32,أبو سعيد الخدري,Abu Sa'id al-Khudri,,,M,False,Sahabi,SAHABI,One of the young Sahabah and hadith narrators.,General History,Various,Various,0,60,True,False,False,False,False,False,False,False,False,False,False
33,معاذ بن جبل,Mu'adh ibn Jabal,,,M,False,Sahabi,SAHABI,A young and brilliant companion whom the Prophet described as the most knowledgeable of this Ummah in matters of Halal (permissible) and Haram (forbidden). He was sent to Yemen as a teacher and judge.,"Sahih al-Bukhari, Al-Isabah by Ibn Hajar, Siyar A'lam al-Nubala by al-Dhahabi.",Various,Various,-17,60,True,False,False,False,False,False,False,False,False,False,False
34,أبي بن كعب,Ubayy ibn Ka'b,,,M,False,Sahabi,SAHABI,The master of reciters.,General History,Various,Various,-20,60,True,False,False,False,False,False,False,False,False,False,False
35,زيد بن ثابت,Zayd ibn Thabit,,,M,False,Sahabi,SAHABI,The primary scribe of the Quran.,General History,Various,Various,-11,60,True,False,False,False,False,False,False,False,False,False,False
36,أبو ذر الغفاري,Abu Dharr al-Ghifari,,,M,False,Sahabi,SAHABI,An early convert and one of the most prominent ascetics among the Sahabah. He was known for his extreme truthfulness and his outspokenness in the face of what he perceived as deviations from the Prophet's path.,"Al-Isabah by Ibn Hajar, Hilyat al-Awliya by Abu Nu'aym al-Isfahani.",Various,Various,0,60,True,False,False,False,False,False,False,False,False,False,False
37,سلمان الفارسي,Salman al-Farsi,,,M,False,Sahabi,SAHABI,A Persian seeker of truth who traveled through several lands and converted to multiple religions before finding the Prophet in Madinah. He suggested the digging of the trench in the Battle of the Trench.,"Sirat Ibn Hisham, Al-Isabah by Ibn Hajar, Siyar A'lam al-Nubala by al-Dhahabi.",Various,Various,0,60,False,False,False,False,False,False,False,False,False,False,False
38,عمار بن ياسر,Ammar ibn Yasir,,,M,False,Sahabi,BADRI,"One of the earliest converts to Islam who, along with his parents, endured severe torture for his faith. The Prophet called him 'the good one, the son of the good one.' He was martyred at the Battle of Siffin.","Al-Isabah by Ibn Hajar, Siyar A'lam al-Nubala by al-Dhahabi.",Various,Various,-56,60,True,False,False,False,False,False,False,False,False,True,False
39,المقداد بن الأسود,Miqdad ibn Aswad,,,M,False,Sahabi,BADRI,"A brave companion who was one of the first seven to declare their Islam openly. He is famous for his courageous speech at the Battle of Badr, where he pledged the Muslims' unwavering support to the Prophet.","Al-Isabah by Ibn Hajar, Siyar A'lam al-Nubala by al-Dhahabi.",Various,Various,0,60,True,False,False,False,False,False,False,False,False,True,False
40,حذيفة بن اليمان,Hudhayfa ibn al-Yaman,,,M,False,Sahabi,SAHABI,The keeper of the Prophet's secrets.,General History,Various,Various,0,60,True,False,False,False,False,False,False,False,False,False,False
41,عمرو بن العاص,Amr ibn al-Aas,,,M,False,Sahabi,SAHABI,A brilliant strategist and diplomat who led the Muslim conquest of Egypt. He served as the governor of Egypt for several years and was known for his administrative skills and political acumen.,"Al-Isabah by Ibn Hajar, Tarikh al-Tabari, Al-Kamil fi al-Tarikh by Ibn al-Athir.",Various,Various,-29,60,True,False,False,False,False,False,False,False,False,True,False
42,معاوية بن أبي سفيان,Muawiyah ibn Abi Sufyan,,,M,False,Sahabi,SAHABI,"The first Caliph of the Umayyad Dynasty and a companion of the Prophet. He served as the governor of Syria for 20 years before becoming Caliph, during which he established the first Muslim navy and expanded the state's administrative capabilities.","Al-Bidayah wan-Nihayah by Ibn Kathir, Tarikh al-Tabari, Muawiya ibn Abi Sufyan by Ali Muhammad al-Sallabi.",Various,Various,0,60,True,False,False,False,False,False,False,False,False,False,False
43,مصعب بن عمير,Mus'ab ibn Umayr,,,M,False,Sahabi,BADRI,"The first ambassador of Islam, sent by the Prophet to Madinah before the Hijrah to teach the people the Quran. He was a wealthy young man who gave up everything for Islam and was martyred at Uhud.","Sirat Ibn Hisham, Al-Isabah by Ibn Hajar.",Various,Various,0,60,True,False,False,False,False,False,False,False,False,True,False
44,أبو أيوب الأنصاري,Abu Ayyub al-Ansari,,,M,False,Sahabi,BADRI,A prominent member of the Ansar who hosted the Prophet in his house when he first arrived in Madinah. He participated in many battles and died while participating in the siege of Constantinople.,"Al-Isabah by Ibn Hajar, Siyar A'lam al-Nubala by al-Dhahabi.",Various,Various,0,60,True,False,False,False,False,False,False,False,False,True,False
45,سعد بن معاذ,Sa'd ibn Mu'adh,,,M,False,Sahabi,BADRI,"The leader of the Aws tribe in Madinah. His acceptance of Islam led to the conversion of his entire tribe. He died from wounds sustained during the Battle of the Trench, and it is said the Throne of Allah shook at his death.","Sirat Ibn Hisham, Al-Isabah by Ibn Hajar.",Various,Various,0,60,True,False,False,False,False,False,False,False,False,True,False
46,سعد بن عبادة,Sa'd ibn Ubadah,,,M,False,Sahabi,SAHABI,The leader of the Khazraj tribe.,General History,Various,Various,0,60,True,False,False,False,False,False,False,False,False,False,False
47,عبادة بن الصامت,Ubadah ibn al-Samit,,,M,False,Sahabi,BADRI,A prominent leader of the Ansar.,General History,Various,Various,0,60,True,False,False,False,False,False,False,False,False,True,False
48,أبو الدرداء,Abu al-Darda,,,M,False,Sahabi,SAHABI,The sage of this Ummah.,General History,Various,Various,0,60,False,False,False,False,False,False,False,False,False,False,False
49,أبو موسى الأشعري,Abu Musa al-Ash'ari,,,M,False,Sahabi,SAHABI,A beautiful reciter of the Quran.,General History,Various,Various,0,60,True,False,False,False,False,False,False,False,False,False,False
50,صهيب الرومي,Suhayb ar-Rumi,,,M,False,Sahabi,SAHABI,The Roman who traded his wealth for his faith.,General History,Various,Various,0,60,True,False,False,False,False,False,False,False,False,False,False
51,عبد الله بن رواحة,Abdullah ibn Rawahah,,,M,False,Sahabi,BADRI,The poet of the Prophet and martyr of Mu'tah.,General History,Various,Various,0,60,False,False,False,False,False,False,False,False,False,True,False
52,البراء بن مالك,Al-Bara' ibn Malik,,,M,False,Sahabi,SAHABI,The brave warrior of the Ansar.,General History,Various,Various,0,60,False,False,False,False,False,False,False,False,False,False,False
53,أسماء بنت أبي بكر,Asma bint Abi Bakr,,,F,False,Sahabi,SAHABI,The one with two waistbands (Dhat an-Nitaqayn).,General History,Various,Various,-27,60,True,True,False,False,False,False,False,False,False,False,False
54,سمية بنت خياط,Sumayya bint Khayyat,,,F,False,Sahabi,SAHABI,The first martyr of Islam.,General History,Various,Various,0,60,True,True,False,False,False,False,False,False,False,False,False
55,أم سلمة,Umm Salama,,,F,False,Sahabi,SAHABI,One of the Mothers of the Believers and a woman of great wisdom and learning. She provided crucial advice to the Prophet at the Treaty of Hudaybiyyah and was one of the last of his wives to pass away.,"Sahih al-Bukhari, Al-Isabah by Ibn Hajar, Siyar A'lam al-Nubala by al-Dhahabi.",Various,Various,0,60,True,False,True,False,False,False,False,False,False,False,False
56,حفصة بنت عمر,Hafsa bint Umar,,,F,False,Sahabi,SAHABI,The daughter of Umar ibn al-Khattab and a wife of the Prophet. She was literate and was entrusted with the preservation of the original compilation of the Quran after the death of her father.,"Al-Isabah by Ibn Hajar, Tarikh al-Khulafa by al-Suyuti.",Various,Various,-18,60,True,False,True,False,False,False,False,False,False,False,False
57,أم أيمن,Umm Ayman,,,F,False,Sahabi,SAHABI,The nursemaid of the Prophet.,General History,Various,Various,0,60,True,True,False,False,False,False,False,False,False,False,False
58,سودة بنت زمعة,Sawda bint Zam'a,,,F,False,Sahabi,SAHABI,The first woman the Prophet married after Khadija.,General History,Various,Various,0,60,False,False,True,False,False,False,False,False,False,False,False
59,زينب بنت جحش,Zaynab bint Jahsh,,,F,False,Sahabi,SAHABI,The wife of the Prophet known for her charity.,General History,Various,Various,0,60,False,False,True,False,False,False,False,False,False,False,False
60,جويرية بنت الحارث,Juwayriya bint al-Harith,,,F,False,Sahabi,SAHABI,The wife of the Prophet who brought blessings to her tribe.,General History,Various,Various,0,60,True,False,True,False,False,False,False,False,False,False,False
61,صفية بنت حيي,Safiyya bint Huyayy,,,F,False,Sahabi,SAHABI,The wife of the Prophet from the lineage of Aaron.,General History,Various,Various,0,60,True,False,True,False,False,False,False,False,False,False,False
62,ميمونة بنت الحارث,Maymuna bint al-Harith,,,F,False,Sahabi,SAHABI,The last woman the Prophet married.,General History,Various,Various,0,60,True,False,True,False,False,False,False,False,False,False,False
63,زينب بنت خزيمة,Zaynab bint Khuzayma,,,F,False,Sahabi,SAHABI,The mother of the poor (Umm al-Masakin).,General History,Various,Various,0,60,True,False,True,False,False,False,False,False,False,False,False
64,أم حبيبة,Umm Habiba,,,F,False,Sahabi,SAHABI,The wife of the Prophet and daughter of Abu Sufyan.,General History,Various,Various,0,60,True,False,True,False,False,False,False,False,False,False,False
65,صفية بنت عبد المطلب,Safiyya bint Abd al-Muttalib,,,F,False,Sahabi,SAHABI,The aunt of the Prophet and mother of Zubayr.,General History,Various,Various,0,60,False,False,False,False,False,False,False,False,False,False,False
66,أم حرام بنت ملحان,Umm Haram bint Milhan,,,F,False,Sahabi,SAHABI,The one who died in a naval expedition.,General History,Various,Various,0,60,False,False,False,True,False,False,False,False,False,False,False
67,أم سليم بنت ملحان,Umm Sulaym bint Milhan,,,F,False,Sahabi,SAHABI,The mother of Anas ibn Malik.,General History,Various,Various,0,60,False,True,False,True,False,False,False,False,False,False,False
68,نسيبة بنت كعب,Nusaybah bint Ka'b,,,F,False,Sahabi,SAHABI,The brave woman who defended the Prophet at Uhud.,General History,Various,Various,0,60,False,False,False,False,False,False,False,False,False,False,False
69,الشفاء بنت عبد الله,Al-Shifa bint Abdullah,,,F,False,Sahabi,SAHABI,The wise woman who taught reading and writing.,General History,Various,Various,0,60,False,False,False,False,False,False,False,False,False,False,False
70,خولة بنت ثعلبة,Khawla bint Tha'laba,,,F,False,Sahabi,SAHABI,The woman whose plea was heard from above the seven heavens.,General History,Various,Various,0,60,False,False,False,False,False,False,False,False,False,False,False
71,عاتكة بنت زيد,Atika bint Zayd,,,F,False,Sahabi,SAHABI,The poetess and wife of several martyrs.,General History,Various,Various,0,60,False,False,False,False,False,False,False,False,False,False,False
72,فاطمة بنت الخطاب,Fatimah bint al-Khattab,,,F,False,Sahabi,SAHABI,The sister of Umar and reason for his conversion.,General History,Various,Various,0,60,False,False,False,True,False,False,False,False,False,False,False
73,أروى بنت عبد المطلب,Arwa bint Abd al-Muttalib,,,F,False,Sahabi,SAHABI,The aunt of the Prophet.,General History,Various,Various,0,60,False,False,False,False,False,False,False,False,False,False,False
74,أمامة بنت حمزة,Umamah bint Hamza,,,F,False,Sahabi,SAHABI,The daughter of the Lion of Allah.,General History,Various,Various,0,60,True,False,False,False,False,False,False,False,False,False,False
75,أم كلثوم بنت أبي بكر,Umm Kulthum bint Abi Bakr,,,F,False,Sahabi,SAHABI,The daughter of Abu Bakr.,General History,Various,Various,0,60,True,False,False,False,False,False,False,False,False,False,False
76,أم كلثوم بنت عقبة,Umm Kulthum bint Uqba,,,F,False,Sahabi,SAHABI,The first woman to migrate to Medina after Hudaybiyyah.,General History,Various,Various,0,60,False,False,False,False,False,False,False,False,False,False,False
77,أم شريك,Umm Sharik,,,F,False,Sahabi,SAHABI,The woman who was persecuted for her faith.,General History,Various,Various,0,60,False,False,False,False,False,False,False,False,False,False,False
78,أم معبد,Umm Ma'bad,,,F,False,Sahabi,SAHABI,The woman who described the Prophet during Hijrah.,General History,Various,Various,0,60,False,False,False,False,False,False,False,False,False,False,False
79,أم عبيس,Umm Ubays,,,F,False,Sahabi,SAHABI,One of the early converts and freed slaves.,General History,Various,Various,0,60,False,False,False,False,False,False,False,False,False,False,False
80,لبابة بنت الحارث,Lubaba bint al-Harith,,,F,False,Sahabi,SAHABI,The second woman to accept Islam.,General History,Various,Various,0,60,False,False,False,False,False,False,False,False,False,False,False
81,ليلى بنت المنهال,Layla bint al-Minhal,,,F,False,Sahabi,SAHABI,The wife of Malik ibn Nuwayra.,General History,Various,Various,0,60,False,False,False,False,False,False,False,False,False,False,False
82,مارية القبطية,Maria al-Qibtiyya,,,F,False,Sahabi,SAHABI,The mother of the Prophet's son Ibrahim.,General History,Various,Various,0,60,False,False,False,False,False,False,False,False,False,False,False
83,ريحانة بنت زيد,Rayhana bint Zayd,,,F,False,Sahabi,SAHABI,A woman of the Banu Nadir.,General History,Various,Various,0,60,False,False,False,False,False,False,False,False,False,False,False
84,أم الفضل,Umm al-Fadl,,,F,False,Sahabi,SAHABI,The wife of al-Abbas.,General History,Various,Various,0,60,False,True,False,False,False,False,False,False,False,False,False
85,أسماء بنت عميس,Asma bint Umays,,,F,False,Sahabi,SAHABI,"The wife of Jafar, then Abu Bakr, then Ali.",General History,Various,Various,0,60,False,True,False,False,False,False,False,False,False,False,False
86,خولة بنت حكيم,Khawla bint Hakim,,,F,False,Sahabi,SAHABI,The woman who proposed marriage to the Prophet for Aisha.,General History,Various,Various,0,60,False,False,False,False,False,False,False,False,False,False,False
87,هند بنت عتبة,Hind bint Utba,,,F,False,Sahabi,SAHABI,The mother of Muawiyah who later accepted Islam.,General History,Various,Various,0,60,False,True,False,False,False,False,False,False,False,False,False
88,أم حكيم,Umm Hakim,,,F,False,Sahabi,SAHABI,The wife of Ikrimah ibn Abi Jahl.,General History,Various,Various,0,60,False,False,False,False,False,False,False,False,False,False,False
89,عكرمة بن أبي جهل,Ikrimah ibn Abi Jahl,,,M,False,Sahabi,SAHABI,The son of Abu Jahl who became a great warrior for Islam.,General History,Various,Various,0,60,False,False,False,False,False,False,False,False,False,False,False
90,صفوان بن أمية,Safwan ibn Umayya,,,M,False,Sahabi,SAHABI,A prominent leader of Quraish who later converted.,General History,Various,Various,0,60,True,False,False,False,False,False,False,False,False,False,False
91,سهيل بن عمرو,Suhayl ibn Amr,,,M,False,Sahabi,SAHABI,The eloquent speaker of Quraish who converted.,General History,Various,Various,0,60,False,False,False,False,False,False,False,False,False,False,False
92,حكيم بن حزام,Hakim ibn Hizam,,,M,False,Sahabi,SAHABI,The nephew of Khadija and a wise leader.,General History,Various,Various,0,60,False,False,False,False,False,False,False,False,False,False,False
93,أبو سفيان بن حرب,Abu Sufyan ibn Harb,,,M,False,Sahabi,SAHABI,"A prominent leader of the Quraish who initially opposed the Prophet but later accepted Islam at the Conquest of Makkah. He participated in the Battle of Yarmouk and was the father of Muawiya I, the founder of the Umayyad dynasty.","Al-Isabah by Ibn Hajar, Siyar A'lam al-Nubala by al-Dhahabi.",Various,Various,-57,60,True,True,False,False,False,False,False,False,False,False,False
94,أبو جندل بن سهيل,Abu Jandal ibn Suhayl,,,M,False,Sahabi,SAHABI,The one who escaped Quraish and was returned due to Hudaybiyyah.,General History,Various,Various,0,60,False,False,False,False,False,False,False,False,False,False,False
95,عبد الله بن حذافة,Abdullah ibn Hudhafa,,,M,False,Sahabi,SAHABI,The envoy to the Persian Emperor.,General History,Various,Various,0,60,False,False,False,False,False,False,False,False,False,False,False
96,عبد الله بن جحش,Abdullah ibn Jahsh,,,M,False,Sahabi,BADRI,The first to be called Commander of the Believers.,General History,Various,Various,0,60,False,False,False,False,False,False,False,False,False,True,False
97,عكاشة بن محصن,Ukasha ibn al-Mihsan,,,M,False,Sahabi,BADRI,One of those who will enter Paradise without reckoning.,General History,Various,Various,0,60,False,False,False,False,False,False,False,False,False,True,False
98,سلمة بن الأكوع,Salamah ibn al-Akwa,,,M,False,Sahabi,SAHABI,The master of fast running and archery.,General History,Various,Various,0,60,False,False,False,False,False,False,False,False,False,False,False
99,قتادة بن النعمان,Qatada ibn al-Nu'man,,,M,False,Sahabi,BADRI,The one whose eye was restored by the Prophet.,General History,Various,Various,0,60,False,False,False,False,False,False,False,False,False,True,False
100,بشير بن سعد,Bashir ibn Sa'd,,,M,False,Sahabi,BADRI,The first of the Ansar to give bay'ah to Abu Bakr.,General History,Various,Various,0,60,False,True,False,False,False,False,False,False,False,True,False
101,زيد بن الخطاب,Zayd ibn al-Khattab,,,M,False,Sahabi,BADRI,The older brother of Umar and martyr of Yamama.,General History,Various,Various,0,60,False,False,False,True,False,False,False,False,False,True,False
102,القعقاع بن عمرو,Al-Qa'qa' ibn Amr,,,M,False,Sahabi,SAHABI,The warrior whose voice was worth a thousand men.,General History,Various,Various,0,60,False,False,False,False,False,False,False,False,False,True,False
103,ضرار بن الأزور,Dhiraar ibn al-Azwar,,,M,False,Sahabi,SAHABI,The legendary warrior of the Islamic conquests.,General History,Various,Various,0,60,False,False,False,False,False,False,False,False,False,False,False
104,شرحبيل بن حسنة,Shurahbil ibn Hasana,,,M,False,Sahabi,SAHABI,One of the early commanders of the Levant conquests.,General History,Various,Various,0,60,False,False,False,False,False,False,False,False,False,False,False
105,يزيد بن أبي سفيان,Yazid ibn Abi Sufyan,,,M,False,Sahabi,SAHABI,One of the first commanders sent to the Levant.,General History,Various,Various,0,60,True,False,False,False,False,False,False,False,False,False,False
106,عتبة بن غزوان,Utbah ibn Ghazwan,,,M,False,Sahabi,BADRI,The seventh person to accept Islam and founder of Basra.,General History,Various,Various,0,60,False,False,False,False,False,False,False,False,False,True,False
107,المغيرة بن شعبة,Al-Mughira ibn Shu'ba,,,M,False,Sahabi,SAHABI,One of the four geniuses of the Arabs.,General History,Various,Various,-22,60,False,False,False,False,False,False,False,False,False,False,False
108,أبو قتادة الأنصاري,Abu Qatada al-Ansari,,,M,False,Sahabi,SAHABI,The knight of the Messenger of Allah.,General History,Various,Various,0,60,False,False,False,False,False,False,False,False,False,False,False
109,أبو بكرة الثقفي,Abu Bakra al-Thaqafi,,,M,False,Sahabi,SAHABI,The companion who descended by a pulley at Ta'if.,General History,Various,Various,0,60,False,False,False,False,False,False,False,False,False,False,False
110,العلاء الحضرمي,Al-Ala' al-Hadrami,,,M,False,Sahabi,SAHABI,The envoy of the Prophet to Bahrain.,General History,Various,Various,0,60,False,False,False,False,False,False,False,False,False,False,False
111,عمرو بن الجموح,Amr ibn al-Jamuh,,,M,False,Sahabi,BADRI,The lame elder who insisted on fighting at Uhud.,General History,Various,Various,0,60,False,False,False,False,False,False,False,False,False,True,False
112,عبد الله بن عمرو بن حرام,Abdullah ibn Amr ibn Haram,,,M,False,Sahabi,BADRI,The father of Jabir and martyr of Uhud.,General History,Various,Various,0,60,False,True,False,False,False,False,False,False,False,True,False
113,خباب بن الأرت,Khabbab ibn al-Aratt,,,M,False,Sahabi,BADRI,The blacksmith who was tortured for his faith.,General History,Various,Various,0,60,False,False,False,False,False,False,False,False,False,True,False
114,عمرو بن معديكرب,Amru bin Ma'adi Yakrib,,,M,False,Sahabi,SAHABI,The legendary Arab hero and warrior.,General History,Various,Various,0,60,False,False,False,False,False,False,False,False,False,False,False
115,الحكم بن أبي العاص,Al-Hakam ibn Abi al-As,,,M,False,Sahabi,SAHABI,A member of the Umayyad clan.,General History,Various,Various,0,60,False,False,False,False,False,False,False,False,False,False,False
116,مروان بن الحكم,Marwan ibn al-Hakam,,,M,False,Sahabi,SAHABI,A younger Sahabi who later became a caliph.,General History,Various,Various,2,60,False,False,False,True,False,False,False,False,False,False,False
117,عبد الله بن الزبير,Abdullah ibn al-Zubayr,,,M,False,Sahabi,SAHABI,"The son of Zubayr ibn al-Awwam and Asma bint Abi Bakr, and the first child born to the Muslims in Madinah after the Hijrah. He later established a caliphate in Makkah in opposition to the Umayyads.","Tarikh al-Tabari, Al-Bidayah wan-Nihayah by Ibn Kathir, Al-Isabah by Ibn Hajar.",Various,Various,0,60,True,False,False,False,False,False,False,False,False,False,False
118,محمد بن أبي بكر,Muhammad ibn Abi Bakr,,,M,False,Sahabi,SAHABI,The son of Abu Bakr raised by Ali.,General History,Various,Various,0,60,True,False,False,False,False,False,False,False,False,False,False
119,عبد الله بن جعفر,Abdullah ibn Ja'far,,,M,False,Sahabi,SAHABI,The son of Jafar and famous for his generosity.,General History,Various,Various,0,60,True,False,False,False,False,False,False,False,False,False,False
120,المنذر بن عمرو,Al-Mundhir ibn Amr,,,M,False,Sahabi,BADRI,The leader of the reciters at Bi'r Ma'una.,General History,Various,Various,0,60,False,False,False,False,False,False,False,False,False,True,False
121,عاصم بن ثابت,Asim ibn Thabit,,,M,False,Sahabi,BADRI,The one protected by a swarm of hornets.,General History,Various,Various,0,60,False,False,False,False,False,False,False,False,False,True,False
122,خبيب بن عدي,Khubayb ibn Adiy,,,M,False,Sahabi,BADRI,The one who prayed two rak'ahs before execution.,General History,Various,Various,0,60,False,False,False,False,False,False,False,False,False,True,False
123,زيد بن أرقم,Zayd ibn Arqam,,,M,False,Sahabi,SAHABI,The young Sahabi whose words were confirmed by the Quran.,General History,Various,Various,0,60,False,False,False,False,False,False,False,False,False,False,False
124,ثابت بن قيس,Thabit ibn Qays,,,M,False,Sahabi,BADRI,The speaker of the Ansar.,General History,Various,Various,0,60,False,False,False,False,False,False,False,False,False,True,False
125,محمد بن مسلمة,Muhammad ibn Maslamah,,,M,False,Sahabi,BADRI,The knight of the Prophet who stayed neutral in Fitna.,General History,Various,Various,0,60,False,False,False,False,False,False,False,False,False,True,False
126,نعيم بن مسعود,Nuaym ibn Masud,,,M,False,Sahabi,SAHABI,The one who broke the alliance at the Trench.,General History,Various,Various,0,60,False,False,False,False,False,False,False,False,False,False,False
127,أبو طلحة الأنصاري,Abu Talha al-Ansari,,,M,False,Sahabi,BADRI,The elite archer of the Ansar.,General History,Various,Various,0,60,False,False,False,False,False,False,False,False,False,True,False
128,سهل بن حنيف,Sahl ibn Hunaif,,,M,False,Sahabi,BADRI,One of the early converts and brave warriors.,General History,Various,Various,0,60,False,False,False,False,False,False,False,False,False,True,False
129,سهل بن سعد,Sahl ibn Sa'd,,,M,False,Sahabi,SAHABI,The last of the Sahabah to die in Medina.,General History,Various,Various,0,60,False,False,False,False,False,False,False,False,False,False,False
130,أبو لبابة,Abu Lubaba,,,M,False,Sahabi,SAHABI,The one who tied himself to the pillar in the mosque.,General History,Various,Various,0,60,False,False,False,False,False,False,False,False,False,False,False
131,كعب بن مالك,Ka'b ibn Malik,,,M,False,Sahabi,SAHABI,The poet whose repentance is mentioned in the Quran.,General History,Various,Various,0,60,False,False,False,False,False,False,False,False,False,False,False
132,مرارة بن الربيع,Murara ibn al-Rabi,,,M,False,Sahabi,SAHABI,One of the three whose repentance was accepted.,General History,Various,Various,0,60,False,False,False,False,False,False,False,False,False,False,False
133,هلال بن أمية,Hilal ibn Umayya,,,M,False,Sahabi,SAHABI,One of the three whose repentance was accepted.,General History,Various,Various,0,60,False,False,False,False,False,False,False,False,False,False,False
134,أبو رافع,Abu Rafi',,,M,False,Sahabi,SAHABI,The freed slave of the Prophet.,General History,Various,Various,0,60,False,False,False,False,False,False,False,False,False,False,False
135,فيروز الديلمي,Fayruz ad-Daylami,,,M,False,Sahabi,SAHABI,The one who killed the false prophet Aswad al-Ansi.,General History,Various,Various,0,60,False,False,False,False,False,False,False,False,False,False,False
136,جابان الكردي,Jaban al-Kurdi,,,M,False,Sahabi,SAHABI,The companion of Kurdish origin.,General History,Various,Various,0,60,False,False,False,False,False,False,False,False,False,False,False
137,عداس,Addas,,,M,False,Sahabi,SAHABI,The Christian slave who accepted Islam in Ta'if.,General History,Various,Various,0,60,False,False,False,False,False,False,False,False,False,False,False
138,عبد الله بن سلام,Abdullah ibn Salam,,,M,False,Sahabi,SAHABI,The Jewish rabbi who accepted Islam.,General History,Various,Various,0,60,False,False,False,False,False,False,False,False,False,False,False
139,ثمامة بن أثال,Thumamah ibn Uthal,,,M,False,Sahabi,SAHABI,The leader of Yamama who accepted Islam.,General History,Various,Various,0,60,False,False,False,False,False,False,False,False,False,False,False
140,عدي بن حاتم,Adiyy ibn Hatim,,,M,False,Sahabi,SAHABI,The son of the legendary Hatim al-Tai.,General History,Various,Various,0,60,False,False,False,False,False,False,False,False,False,False,False
141,الأقرع بن حابس,Al-Aqra ibn Habis,,,M,False,Sahabi,SAHABI,A leader of the Banu Tamim.,General History,Various,Various,0,60,False,False,False,False,False,False,False,False,False,False,False
142,عيينة بن حصن,Uyayna ibn Hisn,,,M,False,Sahabi,SAHABI,A leader of the Banu Fazara.,General History,Various,Various,0,60,False,False,False,False,False,False,False,False,False,False,False
143,مالك بن الحويرث,Malik ibn Huwayrith,,,M,False,Sahabi,SAHABI,The narrator of 'Pray as you have seen me praying'.,General History,Various,Various,0,60,False,False,False,False,False,False,False,False,False,False,False
144,الأرقم بن أبي الأرقم,Al-Arqam ibn Abi al-Arqam,,,M,False,Sahabi,SAHABI,The host of the early Muslims in Mecca.,General History,Various,Various,0,60,False,False,False,False,False,False,False,False,False,False,False
145,أبو فكيهة,Abu Fukayha,,,M,False,Sahabi,SAHABI,One of the early converts and former slaves.,General History,Various,Various,0,60,False,False,False,False,False,False,False,False,False,False,False
146,عامر بن فهيرة,Amir ibn Fuhayra,,,M,False,Sahabi,BADRI,The companion during the Hijrah and martyr of Bi'r Ma'una.,General History,Various,Various,0,60,False,False,False,False,False,False,False,False,False,True,False
147,أبو حذيفة بن عتبة,Abu Hudhayfa ibn Utba,,,M,False,Sahabi,BADRI,A prominent early convert and martyr of Yamama.,General History,Various,Various,0,60,False,False,False,False,False,False,False,False,False,True,False
148,سالم مولى أبي حذيفة,Salim Mawla Abi Hudhayfa,,,M,False,Sahabi,BADRI,One of the best reciters of the Quran.,General History,Various,Various,0,60,False,False,False,False,False,False,False,False,False,True,False
149,أبو سلمة,Abu Salama,,,M,False,Sahabi,BADRI,The first to migrate to Abyssinia and Medina.,General History,Various,Various,0,60,False,False,False,False,False,False,False,False,False,True,False
150,عبد الله بن أنيس,Abdullah ibn Unais,,,M,False,Sahabi,SAHABI,The one sent on special missions by the Prophet.,General History,Various,Various,0,60,False,False,False,False,False,False,False,False,False,False,False
151,مسلمة بن مخلد,Maslama ibn Mukhallad,,,M,False,Sahabi,SAHABI,The governor of Egypt for many years.,General History,Various,Various,0,60,False,False,False,False,False,False,False,False,False,False,False
152,نافع بن الحارث,Nafi ibn al-Harith,,,M,False,Sahabi,SAHABI,The physician of the Arabs.,General History,Various,Various,0,60,False,False,False,False,False,False,False,False,False,False,False
153,ربيعة بن كعب,Rabiah ibn Kab,,,M,False,Sahabi,SAHABI,The companion who asked for the Prophet's company in Paradise.,General History,Various,Various,0,60,False,False,False,False,False,False,False,False,False,False,False
154,تميم الداري,Tamim al-Dari,,,M,False,Sahabi,SAHABI,The companion who related the story of the Jassasa.,General History,Various,Various,0,60,False,False,False,False,False,False,False,False,False,False,False
155,وحشي بن حرب,Wahshi ibn Harb,,,M,False,Sahabi,SAHABI,The one who killed Hamza and later killed Musaylimah.,General History,Various,Various,0,60,False,False,False,False,False,False,False,False,False,False,False
156,عتبان بن مالك,Utban ibn Malik,,,M,False,Sahabi,BADRI,The Ansar leader whose mosque the Prophet prayed in.,General History,Various,Various,0,60,False,False,False,False,False,False,False,False,False,True,False
157,عثمان بن حنيف,Uthman ibn Hunayf,,,M,False,Sahabi,SAHABI,The expert in land management and irrigation.,General History,Various,Various,0,60,False,False,False,False,False,False,False,False,False,False,False
158,عثمان بن مظعون,Uthman ibn Madh'un,,,M,False,Sahabi,BADRI,The first of the Muhajirun to be buried in al-Baqi.,General History,Various,Various,0,60,False,False,False,False,False,False,False,False,False,True,False
159,عثمان بن طلحة,Uthman ibn Talha,,,M,False,Sahabi,SAHABI,The keeper of the key to the Kaaba.,General History,Various,Various,0,60,False,False,False,False,False,False,False,False,False,False,False
160,الوليد بن عقبة,Walid ibn Uqba,,,M,False,Sahabi,SAHABI,A member of the Umayyad clan.,General History,Various,Various,0,60,False,False,False,False,False,False,False,False,False,False,False
161,خالد بن سعيد,Khalid ibn Sa'id,,,M,False,Sahabi,SAHABI,One of the very first people to accept Islam.,General History,Various,Various,0,60,False,False,False,False,False,False,False,False,False,False,False
162,عباد بن بشر,Abbad ibn Bishr,,,M,False,Sahabi,BADRI,The one who was accompanied by light.,General History,Various,Various,0,60,False,False,False,False,False,False,False,False,False,True,False
163,عبد الله بن عامر,Abdullah ibn Amir,,,M,False,Sahabi,SAHABI,The conqueror of Khurasan.,General History,Various,Various,0,60,False,False,False,False,False,False,False,False,False,False,False
164,عبد الله بن حنظلة,Abdullah ibn Hanzala,,,M,False,Sahabi,SAHABI,The son of the one washed by angels.,General History,Various,Various,0,60,False,False,False,False,False,False,False,False,False,False,False
165,عبد الله بن أم مكتوم,Abdullah ibn Umm Maktum,,,M,False,Sahabi,SAHABI,The blind caller to prayer.,General History,Various,Various,0,60,False,False,False,False,False,False,False,False,False,False,False
166,عبد الله بن عتيك,Abdullah ibn Atik,,,M,False,Sahabi,SAHABI,The leader of the mission against Abu Rafi.,General History,Various,Various,0,60,False,False,False,False,False,False,False,False,False,False,False
167,البراء بن عازب,Al-Barā' ibn ʻĀzib,,,M,False,Sahabi,SAHABI,A young Sahabi and narrator of many hadiths.,General History,Various,Various,0,60,False,False,False,False,False,False,False,False,False,False,False
168,أنس بن النضر,Anas ibn Nadhar,,,M,False,Sahabi,BADRI,The uncle of Anas ibn Malik who was martyred at Uhud.,General History,Various,Various,0,60,False,False,False,False,True,False,False,False,False,True,False
169,عقيل بن أبي طالب,Aqil ibn Abi Talib,,,M,False,Sahabi,SAHABI,The brother of Ali and expert in genealogy.,General History,Various,Various,0,60,False,False,False,False,False,False,False,False,False,False,False
170,أربد بن حميرة,Arbad ibn Humayrah,,,M,False,Sahabi,SAHABI,An early convert and companion.,General History,Various,Various,0,60,False,False,False,False,False,False,False,False,False,False,False
171,عاقل بن البكير,Āqil ibn al-Bukayr,,,M,False,Sahabi,BADRI,One of the early converts and martyrs of Badr.,General History,Various,Various,0,60,False,False,False,False,False,False,False,False,False,True,False
172,دحية الكلبي,Dihyah ibn Khalifa al-Kalbi,,,M,False,Sahabi,SAHABI,The handsome companion whom Jibril often resembled.,General History,Various,Various,0,60,False,False,False,False,False,False,False,False,False,False,False
173,الفضل بن عباس,Fadl ibn Abbas,,,M,False,Sahabi,SAHABI,The cousin of the Prophet who was with him at Arafat.,General History,Various,Various,0,60,True,False,False,False,False,False,False,False,False,False,False
174,حنظلة بن أبي عامر,Hanzala Ibn Abi Amir,,,M,False,Sahabi,BADRI,The one washed by the angels (Ghasil al-Mala'ikah).,General History,Various,Various,0,60,False,False,False,False,False,False,False,False,False,True,False
175,عمران بن حصين,Imran ibn Husain,,,M,False,Sahabi,SAHABI,The one whom the angels used to greet.,General History,Various,Various,0,60,False,False,False,False,False,False,False,False,False,False,False
176,عياض بن غنم,Iyad ibn Ghanm,,,M,False,Sahabi,SAHABI,The commander who conquered northern Mesopotamia.,General History,Various,Various,0,60,False,False,False,False,False,False,False,False,False,False,False
177,جبير بن مطعم,Jubayr ibn Mut'im,,,M,False,Sahabi,SAHABI,The expert on Arab lineages and gentle leader.,General History,Various,Various,0,60,False,False,False,False,False,False,False,False,False,False,False
178,جليبيب,Julaybib,,,M,False,Sahabi,SAHABI,"The poor companion whom the Prophet said, 'He is of me and I am of him'.",General History,Various,Various,0,60,False,False,False,False,False,False,False,False,False,False,False
179,كعب بن زهير,Ka'b ibn Zuhayr,,,M,False,Sahabi,SAHABI,The poet of the famous 'Banat Su'ad' mantle ode.,General History,Various,Various,0,60,False,False,False,False,False,False,False,False,False,False,False
180,خارجة بن حذافة,Kharija bin Huzafa,,,M,False,Sahabi,SAHABI,A brave warrior and judge in Egypt.,General History,Various,Various,0,60,False,False,False,False,False,False,False,False,False,False,False
181,لبيد بن ربيعة,Labid ibn Rabi'a,,,M,False,Sahabi,SAHABI,The famous poet of the Mu'allaqat who became Muslim.,General History,Various,Various,0,60,False,False,False,False,False,False,False,False,False,False,False
182,مالك بن النضر,Malik ibn an-Nadr,,,M,False,Sahabi,SAHABI,An ancestor of the Prophet and a companion.,General History,Various,Various,0,60,False,False,False,False,False,False,False,False,False,False,False
183,معاذ بن عمرو,Mu`adh ibn `Amr,,,M,False,Sahabi,BADRI,One of the young men who killed Abu Jahl at Badr.,General History,Various,Various,0,60,False,False,False,False,False,False,False,False,False,True,False
184,معوذ بن عمرو,Mu`awwaz ibn `Amr,,,M,False,Sahabi,BADRI,One of the young men who killed Abu Jahl at Badr.,General History,Various,Various,0,60,False,False,False,False,False,False,False,False,False,True,False
185,منبه بن كامل,Munabbih ibn Kamil,,,M,False,Sahabi,SAHABI,A companion from Yemen.,General History,Various,Various,0,60,False,False,False,False,False,False,False,False,False,False,False
186,النعمان بن بشير,Nu'man ibn Bashir,,,M,False,Sahabi,SAHABI,The first child born to the Ansar after Hijrah.,General History,Various,Various,0,60,False,False,False,False,False,False,False,False,False,False,False
187,النواس بن سمعان,An-Nawwas ibn Sam'an,,,M,False,Sahabi,SAHABI,The narrator of many hadiths about the end times.,General History,Various,Various,0,60,False,False,False,False,False,False,False,False,False,False,False
188,قدامة بن مظعون,Qudamah ibn Maz'un,,,M,False,Sahabi,BADRI,One of the early converts and migrants to Abyssinia.,General History,Various,Various,0,60,False,False,False,False,False,False,False,False,False,True,False
189,ربة بن أمية,Rab'ah ibn Umayah,,,M,False,Sahabi,SAHABI,A companion who was present at the Farewell Pilgrimage.,General History,Various,Various,0,60,False,False,False,False,False,False,False,False,False,False,False
190,ربيعة بن الحارث,Rabi'ah ibn al-Harith,,,M,False,Sahabi,SAHABI,A cousin of the Prophet.,General History,Various,Various,0,60,False,False,False,False,False,False,False,False,False,False,False
191,ربعي بن عامر,Rebi’i bin Aamer,,,M,False,Sahabi,SAHABI,The one who gave the famous speech to Rustum of Persia.,General History,Various,Various,0,60,False,False,False,False,False,False,False,False,False,False,False
192,سبرة بن معبد,Sabra ibn Ma`bad,,,M,False,Sahabi,SAHABI,A narrator of hadith regarding temporary marriage.,General History,Various,Various,0,60,False,False,False,False,False,False,False,False,False,False,False
193,سعيد بن عامر الجمحي,Sa`îd ibn Âmir al-Jumahi,,,M,False,Sahabi,SAHABI,The ascetic governor of Homs.,General History,Various,Various,0,60,False,False,False,False,False,False,False,False,False,False,False
194,صفوان بن المعطل,Safwan ibn al-Mu‘attal,,,M,False,Sahabi,SAHABI,The companion involved in the Incident of Ifk and proven innocent.,General History,Various,Various,0,60,False,False,False,False,False,False,False,False,False,False,False
195,سلامة أبو هاشم,Salama Abu Hashim,,,M,False,Sahabi,SAHABI,A companion known for his piety.,General History,Various,Various,0,60,False,False,False,False,False,False,False,False,False,False,False
196,سمرة بن جندب,Samra ibn Jundab,,,M,False,Sahabi,SAHABI,A young Sahabi and narrator of many hadiths.,General History,Various,Various,0,60,False,False,False,False,False,False,False,False,False,False,False
197,سارية بن زنيم,Sariyya ibn Zanim,,,M,False,Sahabi,SAHABI,The commander whom Umar called out to from the pulpit.,General History,Various,Various,0,60,False,False,False,False,False,False,False,False,False,False,False
198,شمس بن عثمان,Shams ibn Uthman,,,M,False,Sahabi,BADRI,A companion martyred at Uhud.,General History,Various,Various,0,60,False,False,False,False,False,False,False,False,False,True,False
199,شداد بن أوس,Shadad ibn Aus,,,M,False,Sahabi,SAHABI,A companion known for his knowledge and eloquence.,General History,Various,Various,0,60,False,False,False,False,False,False,False,False,False,False,False
1000,غزوة بدر,Battle of Badr,,,M,False,Battle,EVENT,"The first major military confrontation between the Muslims and the Quraish. Despite being outnumbered, the Muslims achieved a decisive victory, which significantly boosted the morale and status of the early Muslim community.","Sirat Ibn Hisham, Quran (Surah Al-Anfal), Al-Maghazi by al-Waqidi.",,,2,2,False,False,False,False,False,False,False,False,False,False,True
1001,غزوة أحد,Battle of Uhud,,,M,False,Battle,EVENT,"The second major battle between the Muslims and the Quraish. It was a tactical defeat for the Muslims after archers left their positions, leading to the martyrdom of many Sahabah, including Hamza ibn Abd al-Muttalib.","Sirat Ibn Hisham, Quran (Surah Ali 'Imran), Al-Maghazi by al-Waqidi.",,,3,3,False,False,False,False,False,False,False,False,False,False,True
1002,غزوة الخندق,Battle of the Trench,,,M,False,Battle,EVENT,"A 27-day siege of Madinah by an alliance of Arab and Jewish tribes. The Muslims successfully defended the city by digging a trench around it, a strategy suggested by Salman al-Farisi.","Sirat Ibn Hisham, Quran (Surah Al-Ahzab), Al-Maghazi by al-Waqidi.",,,5,5,False,False,False,False,False,False,False,False,False,False,False
1003,غزوة خيبر,Battle of Khaibar,,,M,False,Battle,EVENT,A battle fought against the Jewish tribes of Khaibar who had been inciting others against the Muslims. It resulted in a decisive Muslim victory and the capture of their fortresses.,"Sirat Ibn Hisham, Sahih al-Bukhari, Al-Maghazi by al-Waqidi.",,,7,7,False,False,False,False,False,False,False,False,False,False,True
1004,غزوة مؤتة,Battle of Mu'tah,,,M,False,Battle,EVENT,"The first major encounter between the Muslims and the Byzantine Empire's forces. It resulted in the martyrdom of the three commanders appointed by the Prophet: Zayd ibn Harithah, Ja'far ibn Abi Talib, and Abdullah ibn Rawahah.","Sirat Ibn Hisham, Al-Maghazi by al-Waqidi.",,,8,8,False,False,False,False,False,False,False,False,False,False,False
1005,غزوة حنين,Battle of Hunayn,,,M,False,Battle,EVENT,"A battle fought shortly after the Conquest of Makkah against the tribes of Hawazin and Thaqif. Despite an initial ambush, the Muslims rallied and achieved victory.","Sirat Ibn Hisham, Quran (Surah At-Tawbah).",,,8,8,False,False,False,False,False,False,False,False,False,False,False
1006,معركة اليرموك,Battle of Yarmouk,,,M,False,Battle,EVENT,"A major battle between the Muslim forces and the Byzantine Empire that resulted in a decisive Muslim victory, ending Byzantine rule in Syria. It is considered one of the most significant battles in military history.","Tarikh al-Tabari, Al-Bidayah wan-Nihayah by Ibn Kathir.",,,13,13,False,False,False,False,False,False,False,False,False,False,True
1007,معركة القادسية,Battle of Qadisiyyah,,,M,False,Battle,EVENT,"A decisive battle between the Muslim army led by Sa'd ibn Abi Waqqas and the Sassanid Persian Empire. The Muslim victory led to the fall of the Persian capital, Ctesiphon, and the eventual conquest of Persia.","Tarikh al-Tabari, Al-Kamil fi al-Tarikh by Ibn al-Athir.",,,15,15,False,False,False,False,False,False,False,False,False,False,True
201,سعيد بن العاص,Said ibn al-As,,,M,False,PoliticalFigure,UMAYYAD,Umayyad-era governor of Medina under Muawiya.,General History,Quraish,Banu Umayya,2,58,False,False,False,False,False,False,False,False,False,False,False
202,الوليد بن عتبة بن أبي سفيان,al-Walid ibn Utba ibn Abi Sufyan,,,M,False,PoliticalFigure,UMAYYAD,Umayyad governor linked to Medina during Muawiya and Yazid transitions.,General History,Quraish,Banu Umayya,,65,False,False,False,False,False,False,False,False,False,False,False
203,عمرو بن سعيد بن العاص,Amr ibn Said ibn al-As,,,M,False,PoliticalFigure,UMAYYAD,Umayyad governor of Medina with multiple terms.,General History,Quraish,Banu Umayya,,70,False,False,False,False,False,False,False,False,False,False,False
204,عثمان بن محمد بن أبي سفيان,Uthman ibn Muhammad ibn Abi Sufyan,,,M,False,PoliticalFigure,UMAYYAD,Umayyad governor of Medina during late Yazid period.,General History,Quraish,Banu Umayya,,70,False,False,False,False,False,False,False,False,False,False,False
205,يزيد بن معاوية,Yazid ibn Muawiya,,,M,False,PoliticalFigure,UMAYYAD,"The second Caliph of the Umayyad Dynasty, whose reign was marked by significant internal strife, including the Battle of Karbala. His rule faced opposition from Abdullah ibn al-Zubayr and other prominent figures.","Tarikh al-Tabari, Al-Kamil fi al-Tarikh by Ibn al-Athir.",Quraish,Banu Umayya,26,64,False,False,False,False,False,False,False,False,False,False,False
209,خالد بن أسيد بن العاص,Khalid ibn Asid ibn al-As,,,M,False,PoliticalFigure,UMAYYAD,Umayyad governor of Mecca during Muawiya era.,General History,Quraish,Banu Umayya,,70,False,False,False,False,False,False,False,False,False,False,False
210,المغيرة بن شعبة,Al-Mughira ibn Shu'ba,,,M,False,PoliticalFigure,UMAYYAD,"A companion of the Prophet and one of the most astute diplomats and governors in early Islam. He served as the governor of Kufa under both Umar and Muawiya, and was known for his resourcefulness.","Al-Isabah by Ibn Hajar, Siyar A'lam al-Nubala by al-Dhahabi.",Thaqif,Thaqif,-22,75,False,False,False,False,False,False,False,False,False,False,False
211,زياد بن أبيه,Ziyad ibn Abih,,,M,False,PoliticalFigure,UMAYYAD,A powerful and efficient administrator who served as the governor of Basra and later Kufa under Muawiya I. He was known for his firm rule and for restoring order to the troubled provinces of Iraq.,"Tarikh al-Tabari, Al-Isabah by Ibn Hajar.",Thaqif,Thaqif,,73,False,False,False,False,False,False,False,False,False,False,False
212,مسلمة بن مخلد,Maslama ibn Mukhallad,,,M,False,PoliticalFigure,UMAYYAD,Governor of Egypt under Muawiya.,General History,Quraysh,Banu Umayya,,70,False,False,False,False,False,False,False,False,False,False,False
213,عبيدة بن الزبير,Ubayda ibn al-Zubayr,,,M,False,PoliticalFigure,ZUBAYRID,"Brother of Abdallah ibn al-Zubayr, served as governor of Medina.",Wikipedia,Quraish,Banu Asad,,,True,False,False,False,False,False,False,False,False,False,False
214,مصعب بن الزبير,Mus'ab ibn al-Zubayr,,,M,False,PoliticalFigure,ZUBAYRID,"Brother of Abdallah ibn al-Zubayr, governor of Medina and later Iraq.",Wikipedia,Quraish,Banu Asad,26,72,True,False,False,False,False,False,False,False,False,False,False
215,جابر بن الأسود بن عوف,Jabir ibn al-Aswad ibn Awf,,,M,False,PoliticalFigure,ZUBAYRID,Zubayrid governor of Medina.,Wikipedia,Quraish,Banu Zuhra,,,False,False,False,False,False,False,False,False,False,False,False
216,طلحة بن عبد الله بن عوف,Talha ibn Abdallah ibn Awf,,,M,False,PoliticalFigure,ZUBAYRID,"Zubayrid governor of Medina, nephew of Abdur Rahman ibn Awf.",Wikipedia,Quraish,Banu Zuhra,,,False,False,False,False,False,False,False,False,False,False,False
217,طارق بن عمرو,Tariq ibn Amr,,,M,False,PoliticalFigure,UMAYYAD,Umayyad general who re-established control over Medina.,Wikipedia,,,,,False,False,False,False,False,False,False,False,False,False,False
218,الحجاج بن يوسف,al-Hajjaj ibn Yusuf,,,M,False,PoliticalFigure,UMAYYAD,"A controversial and powerful Umayyad governor known for his iron-fisted rule and oratorical skills. He served as the governor of the Hijaz before becoming the governor of Iraq, where he suppressed major rebellions and consolidated Umayyad power.","Tarikh al-Tabari, Al-Kamil fi al-Tarikh by Ibn al-Athir, Siyar A'lam al-Nubala by al-Dhahabi.",Thaqif,,,95,False,False,False,False,False,False,False,False,False,False,False
219,يحيى بن الحكم,Yahya ibn al-Hakam,,,M,False,PoliticalFigure,UMAYYAD,"Uncle of Abd al-Malik ibn Marwan, governor of Medina.",Wikipedia,Quraish,Banu Umayya,,,False,False,False,True,False,False,False,False,False,False,False
220,أبان بن عثمان,Aban ibn Uthman,,,M,False,PoliticalFigure,UMAYYAD,The son of Caliph Uthman ibn Affan and a prominent scholar and governor of Madinah. He was known for his knowledge of Islamic history and for being one of the first to document the Maghazi (military expeditions) of the Prophet.,"Al-Isabah by Ibn Hajar, Siyar A'lam al-Nubala by al-Dhahabi.",Quraish,Banu Umayya,,105,True,False,False,False,False,False,False,False,False,False,False
221,هشام بن إسماعيل المخزومي,Hisham ibn Isma'il al-Makhzumi,,,M,False,PoliticalFigure,UMAYYAD,"Father-in-law of Abd al-Malik, governor of Medina.",Wikipedia,Quraish,Banu Makhzum,,,False,False,False,False,False,False,False,False,False,False,False
222,عمر بن عبد العزيز,Umar ibn Abd al-Aziz,,,M,False,PoliticalFigure,UMAYYAD,"Often called the 'Fifth Rightly Guided Caliph' for his exceptional justice and piety. He served as the governor of Madinah before becoming Caliph, during which he enacted significant reforms and returned to the principles of early Islamic governance.","Sirat Umar ibn Abd al-Aziz by Ibn Abd al-Hakam, Al-Bidayah wan-Nihayah by Ibn Kathir.",Quraish,Banu Umayya,61,101,False,False,False,False,False,False,False,False,False,False,False
223,عثمان بن حيان المري,Uthman ibn Hayyan al-Murri,,,M,False,PoliticalFigure,UMAYYAD,Umayyad governor of Medina.,Wikipedia,Banu Murra,,,,False,False,False,False,False,False,False,False,False,False,False
224,أبو بكر بن محمد بن عمرو بن حزم,Abu Bakr ibn Muhammad ibn Amr ibn Hazm,,,M,False,PoliticalFigure,UMAYYAD,"Governor and judge of Medina, descendant of Amr ibn Hazm.",Wikipedia,Ansar,,,120,False,False,False,False,False,False,False,False,False,False,False
225,عبد الرحمن بن الضحاك الفهري,Abd al-Rahman ibn al-Dahhak al-Fihri,,,M,False,PoliticalFigure,UMAYYAD,Umayyad governor of Medina.,Wikipedia,Quraish,Banu Fihr,,,False,False,False,False,False,False,False,False,False,False,False
226,عبد الواحد بن عبد الله النصري,Abd al-Wahid ibn Abdallah al-Nasri,,,M,False,PoliticalFigure,UMAYYAD,Umayyad governor of Medina.,Wikipedia,,,,,False,False,False,False,False,False,False,False,False,False,False
227,إبراهيم بن هشام المخزومي,Ibrahim ibn Hisham al-Makhzumi,,,M,False,PoliticalFigure,UMAYYAD,"Son of Hisham ibn Isma'il, governor of Medina.",Wikipedia,Quraish,Banu Makhzum,,,False,False,False,False,False,False,False,False,False,False,False
228,خالد بن عبد الملك بن الحارث,Khalid ibn Abd al-Malik ibn al-Harith,,,M,False,PoliticalFigure,UMAYYAD,Umayyad governor of Medina.,Wikipedia,Quraish,Banu Umayya,,,False,False,False,False,False,False,False,False,False,False,False
229,محمد بن هشام المخزومي,Muhammad ibn Hisham al-Makhzumi,,,M,False,PoliticalFigure,UMAYYAD,"Brother of Ibrahim, governor of Medina.",Wikipedia,Quraish,Banu Makhzum,,,False,False,False,False,False,False,False,False,False,False,False
230,يوسف بن محمد الثقفي,Yusuf ibn Muhammad al-Thaqafi,,,M,False,PoliticalFigure,UMAYYAD,Thaqafi governor of Medina.,Wikipedia,Thaqif,,,,False,False,False,False,False,False,False,False,False,False,False
231,عبد العزيز بن عبد الله بن عمرو بن عثمان,Abd al-Aziz ibn Abdallah ibn Amr ibn Uthman,,,M,False,PoliticalFigure,UMAYYAD,"Great-grandson of Caliph Uthman, governor of Medina.",Wikipedia,Quraish,Banu Umayya,,,False,False,False,False,False,False,False,False,False,False,False
232,عبد العزيز بن عمر بن عبد العزيز,Abd al-Aziz ibn Umar ibn Abd al-Aziz,,,M,False,PoliticalFigure,UMAYYAD,"Son of Caliph Umar II, governor of Medina.",Wikipedia,Quraish,Banu Umayya,,,False,False,False,False,False,False,False,False,False,False,False
233,عبد الواحد بن سليمان بن عبد الملك,Abd al-Wahid ibn Sulayman ibn Abd al-Malik,,,M,False,PoliticalFigure,UMAYYAD,"Son of Caliph Sulayman, governor of Medina.",Wikipedia,Quraish,Banu Umayya,,,False,False,False,False,False,False,False,False,False,False,False
234,محمد بن عبد الملك بن مروان,Muhammad ibn Abd al-Malik ibn Marwan,,,M,False,PoliticalFigure,UMAYYAD,"Son of Caliph Abd al-Malik, governor of Medina.",Wikipedia,Quraish,Banu Umayya,,,False,False,False,False,False,False,False,False,False,False,False
235,الوليد بن عروة السعدي,Al-Walid ibn Urwah al-Sa'di,,,M,False,PoliticalFigure,UMAYYAD,Umayyad governor of Medina.,Wikipedia,,,,,False,False,False,False,False,False,False,False,False,False,False
236,يوسف بن عروة السعدي,Yusuf ibn Urwah al-Sa'di,,,M,False,PoliticalFigure,UMAYYAD,The last Umayyad governor of Medina.,Wikipedia,,,,,False,False,False,False,False,False,False,False,False,False,False
237,داود بن علي,Dawud ibn Ali,,,M,False,PoliticalFigure,ABBASID,"Uncle of Caliph al-Saffah, first Abbasid governor of Medina.",Wikipedia,Abbasid,Banu Hashim,,133,False,False,False,False,False,False,False,False,False,False,False
238,زياد بن عبيد الله الحارثي,Ziyad ibn Ubaydallah al-Harithi,,,M,False,PoliticalFigure,ABBASID,"Abbasid governor of Medina, uncle of al-Saffah.",Wikipedia,,,,,False,False,False,False,False,False,False,False,False,False,False
239,محمد بن خالد القسري,Muhammad ibn Khalid al-Qasri,,,M,False,PoliticalFigure,ABBASID,Abbasid governor of Medina.,Wikipedia,,,,,False,False,False,False,False,False,False,False,False,False,False
240,رياح بن عثمان المري,Riyah ibn Uthman al-Murri,,,M,False,PoliticalFigure,ABBASID,"Abbasid governor of Medina, son of Uthman ibn Hayyan.",Wikipedia,Banu Murra,,,,False,False,False,False,False,False,False,False,False,False,False
241,كثير بن الحسين العبدي,Kathir ibn al-Husayn al-Abdi,,,M,False,PoliticalFigure,ABBASID,Abbasid governor of Medina.,Wikipedia,,,,,False,False,False,False,False,False,False,False,False,False,False
242,عبد الله بن الربيع الحارثي,Abdallah ibn al-Rabi al-Harithi,,,M,False,PoliticalFigure,ABBASID,Abbasid governor of Medina.,Wikipedia,,,,,False,False,False,False,False,False,False,False,False,False,False
243,جعفر بن سليمان بن علي,Ja'far ibn Sulayman ibn Ali,,,M,False,PoliticalFigure,ABBASID,"Cousin of Caliph al-Mansur, governor of Medina.",Wikipedia,Abbasid,Banu Hashim,,,False,False,False,False,False,False,False,False,False,False,False
244,الحسن بن زيد بن الحسن,al-Hasan ibn Zayd,,,M,False,PoliticalFigure,ABBASID,"Great-grandson of Ali ibn Abi Talib, appointed governor by al-Mansur.",Wikipedia,Alid,Banu Hashim,,168,False,False,False,False,False,False,False,False,False,False,False
245,عبد الصمد بن علي,Abd al-Samad ibn Ali,,,M,False,PoliticalFigure,ABBASID,"Uncle of Caliph al-Mansur, governor of Medina.",Wikipedia,Abbasid,Banu Hashim,,185,False,False,False,False,False,False,False,False,False,False,False
246,تمام بن العباس,Tammam ibn Abbas,,,M,False,PoliticalFigure,RASHIDUN,Governor of Medina for Ali ibn Abi Talib.,Wikipedia,Quraish,Banu Hashim,,,True,False,False,False,False,False,False,False,False,False,False
1008,,Sawda bint Zamʿa,,,F,False,Sahabi,SAHABI,Wife of Muhammad (PBUH).,Fact-Check Report,,,,,False,False,False,False,False,False,False,False,False,False,False
1009,,Ramla bint Abi Sufyan,,,F,False,Sahabi,SAHABI,Wife of Muhammad (PBUH).,Fact-Check Report,,,,,False,False,False,False,False,False,False,False,False,False,False
1010,,Juwayriyyah bint al-Harith,,,F,False,Sahabi,SAHABI,Wife of Muhammad (PBUH).,Fact-Check Report,,,,,False,False,False,False,False,False,False,False,False,False,False
1011,,Umm Salama (Hind bint Abi Umayya),,,F,False,Sahabi,SAHABI,Wife of Muhammad (PBUH).,Fact-Check Report,,,,,False,False,False,False,False,False,False,False,False,False,False
1012,,Maymunah bint al-Harith,,,F,False,Sahabi,SAHABI,Wife of Muhammad (PBUH).,Fact-Check Report,,,,,False,False,False,False,False,False,False,False,False,False,False
1013,,Qasim ibn Muhammad,,,M,False,Sahabi,SAHABI,Child of Muhammad (PBUH). Born before Prophecy,Fact-Check Report,,,,,False,False,False,False,False,False,False,False,False,False,False
1014,,Abdullah ibn Muhammad,,,M,False,Sahabi,SAHABI,Child of Muhammad (PBUH). Called al-Tayyib or al-Tahir,Fact-Check Report,,,,,False,False,False,False,False,False,False,False,False,False,False
1015,,Ibrahim ibn Muhammad,,,M,False,Sahabi,SAHABI,Child of Muhammad (PBUH). Only son by non-Arab wife,Fact-Check Report,,,,,False,False,False,False,False,False,False,False,False,False,False
1016,,Qutaylah bint Abd-al-Uzza,,,F,False,Sahabi,SAHABI,Wife of Abu Bakr as-Siddiq.,Fact-Check Report,,,,,False,False,False,False,False,False,False,False,False,False,False
1017,,Umm Ruman (Salma bint Sufyan),,,F,False,Sahabi,SAHABI,Wife of Abu Bakr as-Siddiq.,Fact-Check Report,,,,,False,False,False,False,False,False,False,False,False,False,False
1018,,Habiba bint Kharija,,,F,False,Sahabi,SAHABI,Wife of Abu Bakr as-Siddiq.,Fact-Check Report,,,,,False,False,False,False,False,False,False,False,False,False,False
1019,,Abd Allah ibn Abi Bakr,,,M,False,Sahabi,SAHABI,Child of Abu Bakr as-Siddiq.,Fact-Check Report,,,,,False,False,False,False,False,False,False,False,False,False,False
1020,,Abd al-Rahman ibn Abi Bakr,,,M,False,Sahabi,SAHABI,Child of Abu Bakr as-Siddiq.,Fact-Check Report,,,,,False,False,False,False,False,False,False,False,False,False,False
1021,,Ummamah bint Abi al-As,,,F,False,Sahabi,SAHABI,Wife of Ali ibn Abi Talib.,Fact-Check Report,,,,,False,False,False,False,False,False,False,False,False,False,False
1022,,Ruqayyah bint Muhammad,,,F,False,Sahabi,SAHABI,Wife of Uthman ibn Affan.,Fact-Check Report,,,,,False,False,False,False,False,False,False,False,False,False,False
1023,أبو طالب بن عبد المطلب,Abu Talib ibn Abd al-Muttalib,Abu Ali,,M,False,Sahabi,SAHABI,The father of Ali ibn Abi Talib and guardian of Muhammad (PBUH).,Historical Reference,Quraish,Banu Hashim,-78,-10,False,True,False,False,False,False,False,False,False,False,False
1024,,Umm Ruman bint Amir,,,F,False,Sahabi,SAHABI,Mother of Aisha and Umm Kulthum bint Abi Bakr.,Fact-Check Report,,,,,False,True,False,False,False,False,False,False,False,False,False
1025,Uthman Abu Quhafa,Uthman Abu Quhafa,,,M,False,PoliticalFigure,2,Pre-Islamic father,Al-Isabah,,,0,0,False,True,False,False,False,False,False,False,False,False,False
1026,Salma (Umm al-Khair),Salma (Umm al-Khair),,,F,False,PoliticalFigure,1,Pre-Islamic mother,Al-Isabah,,,0,0,False,True,False,False,False,False,False,False,False,False,False
1027,Al-Khattab ibn Nufayl,Al-Khattab ibn Nufayl,,,M,False,PoliticalFigure,2,Pre-Islamic father,Al-Isabah,,,0,0,False,True,False,False,False,False,False,False,False,False,False
1028,Hantamah bint Hisham,Hantamah bint Hisham,,,F,False,PoliticalFigure,1,Pre-Islamic mother,Al-Isabah,,,0,0,False,True,False,False,False,False,False,False,False,False,False
1029,Affan ibn Abi al-As,Affan ibn Abi al-As,,,M,False,PoliticalFigure,2,Pre-Islamic father,Al-Isabah,,,0,0,False,True,False,False,False,False,False,False,False,False,False
1030,Arwa bint Kurayz,Arwa bint Kurayz,,,F,False,PoliticalFigure,1,Pre-Islamic mother,Al-Isabah,,,0,0,False,True,False,False,False,False,False,False,False,False,False
1031,Ubaydullah ibn Uthman,Ubaydullah ibn Uthman,,,M,False,PoliticalFigure,2,Pre-Islamic father,Al-Isabah,,,0,0,False,True,False,False,False,False,False,False,False,False,False
1032,Salma bint Wuhayb,Salma bint Wuhayb,,,F,False,PoliticalFigure,1,Pre-Islamic mother,Al-Isabah,,,0,0,False,True,False,False,False,False,False,False,False,False,False
1033,Al-Awwam ibn Khuwaylid,Al-Awwam ibn Khuwaylid,,,M,False,PoliticalFigure,2,Pre-Islamic father,Al-Isabah,,,0,0,False,True,False,False,False,False,False,False,False,False,False
1034,Safiyyah bint Abd al-Muttalib,Safiyyah bint Abd al-Muttalib,,,F,False,PoliticalFigure,1,Pre-Islamic mother,Al-Isabah,,,0,0,False,True,False,False,False,False,False,False,False,False,False
1035,Awf ibn Abd Harith,Awf ibn Abd Harith,,,M,False,PoliticalFigure,2,Pre-Islamic father,Al-Isabah,,,0,0,False,True,False,False,False,False,False,False,False,False,False
1036,Umm Kulthum al-Ansariyya,Umm Kulthum al-Ansariyya,,,F,False,PoliticalFigure,1,Pre-Islamic mother,Al-Isabah,,,0,0,False,True,False,False,False,False,False,False,False,False,False
1037,Abi Waqqas Malik,Abi Waqqas Malik,,,M,False,PoliticalFigure,2,Pre-Islamic father,Al-Isabah,,,0,0,False,True,False,False,False,False,False,False,False,False,False
1038,Hamimah bint Sufyan,Hamimah bint Sufyan,,,F,False,PoliticalFigure,1,Pre-Islamic mother,Al-Isabah,,,0,0,False,True,False,False,False,False,False,False,False,False,False
1039,Zayd ibn Amr ibn Nufayl,Zayd ibn Amr ibn Nufayl,,,M,False,PoliticalFigure,2,Pre-Islamic father,Al-Isabah,,,0,0,False,True,False,False,False,False,False,False,False,False,False
1040,Safiyyah bint Umayyah,Safiyyah bint Umayyah,,,F,False,PoliticalFigure,1,Pre-Islamic mother,Al-Isabah,,,0,0,False,True,False,False,False,False,False,False,False,False,False
1041,Abdullah ibn al-Jarrah,Abdullah ibn al-Jarrah,,,M,False,PoliticalFigure,2,Pre-Islamic father,Al-Isabah,,,0,0,False,True,False,False,False,False,False,False,False,False,False
1042,Umayya bint Abdullah,Umayya bint Abdullah,,,F,False,PoliticalFigure,1,Pre-Islamic mother,Al-Isabah,,,0,0,False,True,False,False,False,False,False,False,False,False,False
1043,Khuwaylid ibn Asad,Khuwaylid ibn Asad,,,M,False,PoliticalFigure,2,Pre-Islamic father,Al-Isabah,,,0,0,False,True,False,False,False,False,False,False,False,False,False
1044,Fatima bint Za'idah,Fatima bint Za'idah,,,F,False,PoliticalFigure,1,Pre-Islamic mother,Al-Isabah,,,0,0,False,True,False,False,False,False,False,False,False,False,False
1045,Hala bint Whayb,Hala bint Whayb,,,F,False,PoliticalFigure,1,Pre-Islamic mother,Al-Isabah,,,0,0,False,True,False,False,False,False,False,False,False,False,False
1046,Nuwaylah,Nuwaylah,,,F,False,PoliticalFigure,1,Pre-Islamic mother,Al-Isabah,,,0,0,False,True,False,False,False,False,False,False,False,False,False
1047,Harithah ibn Sharahil,Harithah ibn Sharahil,,,M,False,PoliticalFigure,2,Pre-Islamic father,Al-Isabah,,,0,0,False,True,False,False,False,False,False,False,False,False,False
1048,Su'da,Su'da,,,F,False,PoliticalFigure,1,Pre-Islamic mother,Al-Isabah,,,0,0,False,True,False,False,False,False,False,False,False,False,False
1049,Thabit ibn Dahdah,Thabit ibn Dahdah,,,M,False,PoliticalFigure,2,Pre-Islamic father,Al-Isabah,,,0,0,False,True,False,False,False,False,False,False,False,False,False
1050,Layla bint Abd al-Muttalib,Layla bint Abd al-Muttalib,,,F,False,PoliticalFigure,1,Pre-Islamic mother,Al-Isabah,,,0,0,False,True,False,False,False,False,False,False,False,False,False
1051,Yasir ibn Amir,Yasir ibn Amir,,,M,False,PoliticalFigure,2,Pre-Islamic father,Al-Isabah,,,0,0,False,True,False,False,False,False,False,False,False,False,False
1052,Sumayya bint Khayyat,Sumayya bint Khayyat,,,F,False,PoliticalFigure,1,Pre-Islamic mother,Al-Isabah,,,0,0,False,True,False,False,False,False,False,False,False,False,False
1053,Mu'adh ibn an-Nu'man,Mu'adh ibn an-Nu'man,,,M,False,PoliticalFigure,2,Pre-Islamic father,Al-Isabah,,,0,0,False,True,False,False,False,False,False,False,False,False,False
1054,Kab'ah bint Abd Harith,Kab'ah bint Abd Harith,,,F,False,PoliticalFigure,1,Pre-Islamic mother,Al-Isabah,,,0,0,False,True,False,False,False,False,False,False,False,False,False
1055,al-Samit ibn Qays,al-Samit ibn Qays,,,M,False,PoliticalFigure,2,Pre-Islamic father,Al-Isabah,,,0,0,False,True,False,False,False,False,False,False,False,False,False
1056,Umama bint Abdullah,Umama bint Abdullah,,,F,False,PoliticalFigure,1,Pre-Islamic mother,Al-Isabah,,,0,0,False,True,False,False,False,False,False,False,False,False,False
1057,Umayya ibn Khalaf,Umayya ibn Khalaf,,,M,False,PoliticalFigure,2,Pre-Islamic father,Al-Isabah,,,0,0,False,True,False,False,False,False,False,False,False,False,False
1058,Safinah bint al-Harith,Safinah bint al-Harith,,,F,False,PoliticalFigure,1,Pre-Islamic mother,Al-Isabah,,,0,0,False,True,False,False,False,False,False,False,False,False,False
1059,Harb ibn Umayya,Harb ibn Umayya,,,M,False,PoliticalFigure,2,Pre-Islamic father,Al-Isabah,,,0,0,False,True,False,False,False,False,False,False,False,False,False
1060,Safiyyah bint Hajaj,Safiyyah bint Hajaj,,,F,False,PoliticalFigure,1,Pre-Islamic mother,Al-Isabah,,,0,0,False,True,False,False,False,False,False,False,False,False,False
1061,عبد الله بن عبد المطلب,Abdullah ibn Abd al-Muttalib,,,M,False,PoliticalFigure,3,Father of Prophet Muhammad,Al-Isabah,,,0,0,False,True,False,False,False,False,False,False,False,False,False
1062,آمنة بنت وهب,Aminah bint Wahb,,,F,False,PoliticalFigure,3,Mother of Prophet Muhammad,Al-Isabah,,,0,0,False,True,False,False,False,False,False,False,False,False,False
1063,جحش بن رئاب,Jahsh ibn Riyab,,,M,False,PoliticalFigure,2,Pre-Islamic father,Al-Isabah,,,0,0,False,True,False,False,False,False,False,False,False,False,False
1064,أميمة بنت عبد المطلب,Umayma bint Abd al-Muttalib,,,F,False,PoliticalFigure,2,Pre-Islamic mother,Al-Isabah,,,0,0,False,True,False,False,False,False,False,False,False,False,False
1065,الحارث بن حزن,al-Harith ibn Hazn,,,M,False,PoliticalFigure,2,Pre-Islamic father,Al-Isabah,,,0,0,False,True,False,False,False,False,False,False,False,False,False
1066,هند بنت عوف,Hind bint Awf,,,F,False,PoliticalFigure,2,Pre-Islamic mother,Al-Isabah,,,0,0,False,True,False,False,False,False,False,False,False,False,False
1067,Hamamah,Hamamah,,,F,False,PoliticalFigure,1,Pre-Islamic parent,Sahabah genealogy,,,0,0,False,True,False,False,False,False,False,False,False,False,False
1068,Al-Walid ibn al-Mughira,Al-Walid ibn al-Mughira,,,M,False,PoliticalFigure,1,Pre-Islamic parent,Sahabah genealogy,,,0,0,False,True,False,False,False,False,False,False,False,False,False
1069,Lubabah bint al-Harith,Lubabah bint al-Harith,,,F,False,PoliticalFigure,1,Pre-Islamic parent,Sahabah genealogy,,,0,0,False,True,False,False,False,False,False,False,False,False,False
1070,Fatima bint Asad,Fatima bint Asad,,,F,False,PoliticalFigure,1,Pre-Islamic parent,Sahabah genealogy,,,0,0,False,True,False,False,False,False,False,False,False,False,False
1071,Mas'ud ibn Ghafil,Mas'ud ibn Ghafil,,,M,False,PoliticalFigure,1,Pre-Islamic parent,Sahabah genealogy,,,0,0,False,True,False,False,False,False,False,False,False,False,False
1072,Umm Abd,Umm Abd,,,M,False,PoliticalFigure,1,Pre-Islamic parent,Sahabah genealogy,,,0,0,False,True,False,False,False,False,False,False,False,False,False
1073,Umayma bint Safeeh,Umayma bint Safeeh,,,F,False,PoliticalFigure,1,Pre-Islamic parent,Sahabah genealogy,,,0,0,False,True,False,False,False,False,False,False,False,False,False
1074,Malik ibn Sinan,Malik ibn Sinan,,,M,False,PoliticalFigure,1,Pre-Islamic parent,Sahabah genealogy,,,0,0,False,True,False,False,False,False,False,False,False,False,False
1075,Unaysa bint Amr,Unaysa bint Amr,,,F,False,PoliticalFigure,1,Pre-Islamic parent,Sahabah genealogy,,,0,0,False,True,False,False,False,False,False,False,False,False,False
1076,Jabal ibn Amr,Jabal ibn Amr,,,M,False,PoliticalFigure,1,Pre-Islamic parent,Sahabah genealogy,,,0,0,False,True,False,False,False,False,False,False,False,False,False
1077,Ka'b ibn Qays,Ka'b ibn Qays,,,M,False,PoliticalFigure,1,Pre-Islamic parent,Sahabah genealogy,,,0,0,False,True,False,False,False,False,False,False,False,False,False
1078,Sahla bint Kharijah,Sahla bint Kharijah,,,F,False,PoliticalFigure,1,Pre-Islamic parent,Sahabah genealogy,,,0,0,False,True,False,False,False,False,False,False,False,False,False
1079,Junadah ibn Junada,Junadah ibn Junada,,,M,False,PoliticalFigure,1,Pre-Islamic parent,Sahabah genealogy,,,0,0,False,True,False,False,False,False,False,False,False,False,False
1080,Ramlah,Ramlah,,,M,False,PoliticalFigure,1,Pre-Islamic parent,Sahabah genealogy,,,0,0,False,True,False,False,False,False,False,False,False,False,False
1081,Amr ibn Tha'labah,Amr ibn Tha'labah,,,M,False,PoliticalFigure,1,Pre-Islamic parent,Sahabah genealogy,,,0,0,False,True,False,False,False,False,False,False,False,False,False
1082,Duba'ah,Duba'ah,,,F,False,PoliticalFigure,1,Pre-Islamic parent,Sahabah genealogy,,,0,0,False,True,False,False,False,False,False,False,False,False,False
1083,al-Yaman ibn Jabir,al-Yaman ibn Jabir,,,M,False,PoliticalFigure,1,Pre-Islamic parent,Sahabah genealogy,,,0,0,False,True,False,False,False,False,False,False,False,False,False
1084,al-Ruba',al-Ruba',,,F,False,PoliticalFigure,1,Pre-Islamic parent,Sahabah genealogy,,,0,0,False,True,False,False,False,False,False,False,False,False,False
1085,Al-Aas ibn Wa'il,Al-Aas ibn Wa'il,,,M,False,PoliticalFigure,1,Pre-Islamic parent,Sahabah genealogy,,,0,0,False,True,False,False,False,False,False,False,False,False,False
1086,Salma bint Harmalah,Salma bint Harmalah,,,F,False,PoliticalFigure,1,Pre-Islamic parent,Sahabah genealogy,,,0,0,False,True,False,False,False,False,False,False,False,False,False
1087,Mazun ibn Habib,Mazun ibn Habib,,,M,False,PoliticalFigure,1,Pre-Islamic parent,Sahabah genealogy,,,0,0,False,True,False,False,False,False,False,False,False,False,False
1088,Sakhra bint al-Harith,Sakhra bint al-Harith,,,F,False,PoliticalFigure,1,Pre-Islamic parent,Sahabah genealogy,,,0,0,False,True,False,False,False,False,False,False,False,False,False
1089,Ubadah ibn Dulaym,Ubadah ibn Dulaym,,,M,False,PoliticalFigure,1,Pre-Islamic parent,Sahabah genealogy,,,0,0,False,True,False,False,False,False,False,False,False,False,False
1090,Amra bint Mas'ud,Amra bint Mas'ud,,,F,False,PoliticalFigure,1,Pre-Islamic parent,Sahabah genealogy,,,0,0,False,True,False,False,False,False,False,False,False,False,False
1091,Khalid ibn Zayd,Khalid ibn Zayd,,,M,False,PoliticalFigure,1,Pre-Islamic parent,Sahabah genealogy,,,0,0,False,True,False,False,False,False,False,False,False,False,False
1092,Umm Umarah,Umm Umarah,,,F,False,PoliticalFigure,1,Pre-Islamic parent,Sahabah genealogy,,,0,0,False,True,False,False,False,False,False,False,False,False,False
1093,Malik ibn al-Nadr,Malik ibn al-Nadr,,,M,False,PoliticalFigure,1,Pre-Islamic parent,Sahabah genealogy,,,0,0,False,True,False,False,False,False,False,False,False,False,False
1094,Umayr ibn Hashim,Umayr ibn Hashim,,,M,False,PoliticalFigure,1,Pre-Islamic parent,Sahabah genealogy,,,0,0,False,True,False,False,False,False,False,False,False,False,False
1095,Khunasa bint Malik,Khunasa bint Malik,,,F,False,PoliticalFigure,1,Pre-Islamic parent,Sahabah genealogy,,,0,0,False,True,False,False,False,False,False,False,False,False,False
1096,Abu Umayya ibn al-Mughira,Abu Umayya ibn al-Mughira,,,M,False,PoliticalFigure,1,Pre-Islamic parent,Sahabah genealogy,,,0,0,False,True,False,False,False,False,False,False,False,False,False
1097,Atikah bint Amir,Atikah bint Amir,,,F,False,PoliticalFigure,1,Pre-Islamic parent,Sahabah genealogy,,,0,0,False,True,False,False,False,False,False,False,False,False,False
1098,Huyayy ibn Akhtab,Huyayy ibn Akhtab,,,M,False,PoliticalFigure,1,Pre-Islamic parent,Sahabah genealogy,,,0,0,False,True,False,False,False,False,False,False,False,False,False
1099,Barrah bint Samawal,Barrah bint Samawal,,,F,False,PoliticalFigure,1,Pre-Islamic parent,Sahabah genealogy,,,0,0,False,True,False,False,False,False,False,False,False,False,False
1100,Tha'labah ibn Amr,Tha'labah ibn Amr,,,M,False,PoliticalFigure,1,Pre-Islamic parent,Sahabah genealogy,,,0,0,False,True,False,False,False,False,False,False,False,False,False
1101,Amra bint Rawahah,Amra bint Rawahah,,,F,False,PoliticalFigure,1,Pre-Islamic parent,Sahabah genealogy,,,0,0,False,True,False,False,False,False,False,False,False,False,False
